<?xml version="1.0" encoding="UTF-8" standalone="yes"?>
<addon id="plugin.video.xb0xterr0rist-wizard" name="xb0xterr0rist-wizard" version="1.0.0" provider-name="xb0xterr0rist">
  <requires>
    <import addon="xbmc.python" version="2.1.0"/>
  </requires>
  <extension point="xbmc.python.pluginsource" library="default.py">
        <provides>video executable</provides>
  </extension>
  <extension point="xbmc.addon.metadata">
    <summary lang="en">xb0xterr0rist wizard</summary>
    <description lang="en">xb0xterr0rist builds for kodi</description>
	<website>http://xbmctechgeeks.com</website>
    <platform>all</platform>
  </extension>
</addon>
