<?xml version="1.0" encoding="UTF-8" standalone="yes"?>
<addon id="plugin.video.Misfits" name="Misfits wizard" version="1.0.0" provider-name="http://xb0xterr0rist.netai.net/">
  <requires>
    <import addon="xbmc.python" version="2.1.0"/>
  </requires>
  <extension point="xbmc.python.pluginsource" library="default.py">
        <provides>video executable</provides>
  </extension>
  <extension point="xbmc.addon.metadata">
    <summary lang="en">Misfits Wizard</summary>
    <description lang="en">Misfits Wizard</description>
    <platform>all</platform>
  </extension>
</addon>
